,Name,Price,Company
0,Men Regular Fit Striped Spread Collar Casual Shirt,₹404,METRONAUT
1,Men Regular Fit Checkered Casual Shirt,₹313,METRONAUT
2,"Striped Men Hooded Neck Red, Black T-Shirt",₹157,HELMONT
3,"Solid Men Mandarin Collar Brown, Black T-Shirt",₹255,TRIPR
4,Striped Men Round Neck Blue T-Shirt,₹196,Eyebogler
5,"Solid Men Mandarin Collar Grey, Black T-Shirt",₹219,TRIPR
6,"Striped Men Round Neck Maroon, Grey T-Shirt",₹190,BLIVE
7,Color Block Men Round Neck Dark Blue T-Shirt,₹191,Billion
8,"Striped Men Round Neck Maroon, Grey T-Shirt",₹219,BLIVE
9,"Striped Men Round Neck Red, White T-Shirt",₹192,Eyebogler
10,Men Slim Fit Military Camouflage Spread Collar Casual S...,₹453,METRONAUT
11,Men Regular Fit Solid Casual Shirt,₹465,Roadster
12,"Striped Men Polo Neck White, Blue, Yellow T-Shirt",₹299,Eyebogler
13,Solid Men Mandarin Collar Blue T-Shirt,₹240,Reya
14,"Solid Men Round Neck Black, White T-Shirt",₹245,FastColors
15,Color Block Men Round Neck Grey T-Shirt,₹284,Eyebogler
16,Men Regular Fit Solid Spread Collar Casual Shirt,₹569,METRONAUT
17,Men Slim Fit Checkered Casual Shirt,₹313,METRONAUT
18,Striped Men Round Neck Blue T-Shirt,₹282,Reya
19,Printed Men Round Neck Yellow T-Shirt,₹175,BLIVE
20,Men Slim Fit Solid Casual Shirt,"₹1,159",Louis Philippe Jeans
21,Men Slim Fit Solid Casual Shirt,"₹1,159",Louis Philippe Jeans
22,"Solid Men Collared Neck White, Black T-Shirt",₹249,Eyebogler
23,Self Design Men Round Neck Black T-Shirt,₹289,MooNVellY
24,Men Slim Fit Solid Slim Collar Casual Shirt,₹400,Dennis Lingo
25,Printed Men Hooded Neck Black T-Shirt,₹237,TRIPR
26,Solid Men Mandarin Collar Dark Blue T-Shirt,₹319,Urbano Fashion
27,Men Slim Fit Solid Casual Shirt,"₹1,159",Louis Philippe Jeans
28,"PerfectFit Color Block Men V-Neck Black, Grey T-Shirt",₹191,Billion
29,Color Block Men Round Neck Yellow T-Shirt,₹199,Eyebogler
30,Men Slim Fit Checkered Casual Shirt,₹313,METRONAUT
31,"Solid Men Round Neck Black, Blue, Silver T-Shirt",₹349,FTX
32,"Solid Men Polo Neck Dark Blue, White T-Shirt",₹249,Eyebogler
33,"Striped Men Round Neck Dark Blue, Grey T-Shirt",₹183,BLIVE
34,"Color Block Men Round Neck Black, White T-Shirt",₹245,Try This
35,"Striped Men Round Neck Yellow, Blue, White T-Shirt",₹299,Eyebogler
36,Color Block Men Polo Neck Multicolor T-Shirt,₹719,LEE
37,Men Regular Fit Checkered Spread Collar Casual Shirt,₹453,PROVOGUE
38,"Color Block Men Round Neck Black, Red T-Shirt",₹190,TRIPR
39,"Solid Men Henley Neck Maroon, Dark Blue T-Shirt",₹335,BLIVE
40,Printed Men Round Neck Black T-Shirt,₹534,REEBOK
41,Men Regular Fit Solid Casual Shirt,₹465,Roadster
42,"Color Block Men Round Neck Brown, Black T-Shirt",₹219,TRIPR
43,"Solid Men Mandarin Collar Brown, Black T-Shirt",₹255,TRIPR
44,"Solid Men Round Neck Blue, Grey T-Shirt",₹159,FastColors
45,"Solid Men Round Neck White, Blue T-Shirt",₹249,FastColors
46,Men Regular Fit Checkered Casual Shirt,₹509,METRONAUT
47,Men Slim Fit Military Camouflage Spread Collar Casual S...,₹453,METRONAUT
48,Men Regular Fit Solid Casual Shirt,₹249,GESPO
49,Striped Men Round Neck Black T-Shirt,₹282,Reya
50,"Solid Men Round Neck Grey, Black T-Shirt",₹299,SCOTT INTERNATIONAL
51,Self Design Men Round Neck Black T-Shirt,₹747,REEBOK
52,Striped Men Round Neck Dark Blue T-Shirt,₹159,Jump Cuts
53,Men Regular Fit Solid Spread Collar Casual Shirt,₹249,Pepzo
54,"Color Block Men Round Neck Grey, Black T-Shirt",₹219,TRIPR
55,"Striped Men Round Neck Maroon, Grey T-Shirt",₹219,BLIVE
56,Solid Men Mandarin Collar Dark Blue T-Shirt,₹319,Urbano Fashion
57,Men Slim Fit Solid Casual Shirt,"₹1,159",Louis Philippe Jeans
58,Men Regular Fit Solid Spread Collar Casual Shirt,₹249,Pepzo
59,Men Slim Fit Checkered Casual Shirt,₹313,METRONAUT
60,Striped Men Hooded Neck Maroon T-Shirt,₹159,HELMONT
61,Men Slim Fit Solid Slim Collar Casual Shirt,₹435,Dennis Lingo
62,Solid Men Mandarin Collar Black T-Shirt,₹240,Reya
63,"Solid Men Round Neck Black, Blue, Silver T-Shirt",₹349,FTX
64,Men Regular Fit Solid Mandarin Collar Casual Shirt,₹329,Qlonz store
65,Men Regular Fit Striped Casual Shirt,₹313,icome
66,Men Slim Fit Checkered Casual Shirt,₹279,Surhi
67,Men Slim Fit Printed Casual Shirt,"₹1,214",Louis Philippe Sport
68,Solid Men Henley Neck Dark Blue T-Shirt,₹175,BLIVE
69,Men Regular Fit Solid Spread Collar Casual Shirt,₹249,Pepzo
70,Striped Men V Neck Blue T-Shirt,₹299,Eyebogler
71,Solid Men Round Neck Grey T-Shirt,₹489,REEBOK
72,Printed Men Round Neck Dark Blue T-Shirt,₹172,TRIPR
73,Men Regular Fit Solid Spread Collar Casual Shirt,₹249,Pepzo
74,"Solid Men Round Neck Black, White T-Shirt",₹245,FastColors
75,Men Slim Fit Printed Casual Shirt,₹509,METRONAUT
76,Men Slim Fit Solid Spread Collar Casual Shirt,₹295,X-MEN
77,Solid Men Hooded Neck Black T-Shirt,₹299,Eyebogler
78,Printed Men Round Neck Pink T-Shirt,₹172,TRIPR
79,Men Regular Fit Checkered Spread Collar Casual Shirt,₹453,PROVOGUE
80,Men Regular Fit Solid Button Down Collar Casual Shirt,₹349,VeBNoR
81,Color Block Men Round Neck Multicolor T-Shirt,₹175,TRIPR
82,"Color Block Men Hooded Neck White, Red, Black T-Shirt",₹299,Eyebogler
83,Printed Men Round Neck Black T-Shirt,₹534,REEBOK
84,Men Regular Fit Solid Button Down Collar Formal Shirt,₹349,VeBNoR
85,"Solid Men Round Neck White, Maroon T-Shirt",₹245,FastColors
86,Printed Men Round Neck Red T-Shirt,₹159,BLIVE
87,Men Regular Fit Solid Casual Shirt,₹465,Roadster
88,Solid Men Round Neck Multicolor T-Shirt,₹370,SCOTT INTERNATIONAL
89,Men Regular Fit Solid Spread Collar Casual Shirt,₹249,Pepzo
90,Solid Men Round Neck Black T-Shirt,₹249,Smartees
91,Men Regular Fit Checkered Casual Shirt,₹509,METRONAUT
92,Men Regular Fit Solid Spread Collar Casual Shirt,₹249,Pepzo
93,Printed Men Round Neck White T-Shirt,₹219,Smartees
94,Solid Men Hooded Neck Yellow T-Shirt,₹159,HELMONT
95,Men Slim Fit Military Camouflage Spread Collar Casual S...,₹453,METRONAUT
96,Striped Men Polo Neck Pink T-Shirt,₹349,Eyebogler
97,Men Regular Fit Solid Spread Collar Casual Shirt,₹249,Pepzo
98,"Color Block Men Round Neck Light Blue, White T-Shirt",₹234,AUSK
99,"Solid Men Round Neck Grey, Black T-Shirt",₹299,SCOTT INTERNATIONAL
100,Men Regular Fit Solid Button Down Collar Casual Shirt,₹349,VeBNoR
101,Printed Men Hooded Neck Black T-Shirt,₹237,TRIPR
102,"Solid Men Mandarin Collar Dark Green, Black T-Shirt",₹269,TRIPR
103,Self Design Men Round Neck Black T-Shirt,₹747,REEBOK
104,Men Regular Fit Striped Cut Away Collar Casual Shirt,₹313,icome
105,Color Block Men Round Neck Multicolor T-Shirt,₹197,TRIPR
106,Striped Men Round Neck Yellow T-Shirt,₹159,UZee
107,Solid Men Mandarin Collar Dark Blue T-Shirt,₹319,Urbano Fashion
108,Printed Men Hooded Neck Red T-Shirt,₹254,TRIPR
109,"Striped Men Round Neck Dark Blue, Grey T-Shirt",₹193,BLIVE
110,Solid Men Hooded Neck Black T-Shirt,₹204,TRIPR
111,Men Slim Fit Solid Casual Shirt,"₹1,159",Louis Philippe Jeans
112,Men Slim Fit Checkered Casual Shirt,₹279,Surhi
113,Men Slim Fit Solid Spread Collar Casual Shirt,₹287,X-MEN
114,"Solid Men Round Neck Green, Black T-Shirt",₹450,London Hills
115,"Solid Men Round Neck Black, Blue, Silver T-Shirt",₹349,FTX
116,"Color Block Men Round Neck Dark Green, White, Yellow T-...",₹192,TRIPR
117,Men Slim Fit Solid Spread Collar Casual Shirt,₹450,Dennis Lingo
118,Striped Men Round Neck Blue T-Shirt,₹271,Roden
119,Men Slim Fit Checkered Casual Shirt,₹313,METRONAUT
120,Printed Men Round Neck Black T-Shirt,₹234,NB NICKY BOY
121,"Color Block Men Round Neck Dark Blue, Black T-Shirt",₹249,AUSK
122,"Color Block Men Round Neck White, Black T-Shirt",₹299,AUSK
123,Men Regular Fit Striped Spread Collar Casual Shirt,₹404,METRONAUT
124,Men Regular Fit Solid Button Down Collar Casual Shirt,₹389,VeBNoR
125,Men Regular Fit Solid Button Down Collar Formal Shirt,₹349,VeBNoR
126,Men Regular Fit Solid Button Down Collar Casual Shirt,₹349,VeBNoR
127,Men Regular Fit Checkered Casual Shirt,₹313,METRONAUT
128,"Printed Men Hooded Neck Dark Green, Black T-Shirt",₹212,TRIPR
129,Solid Men Round Neck Multicolor T-Shirt,₹449,AWG
130,Solid Men Mandarin Collar Black T-Shirt,₹240,Reya
131,Color Block Men Round Neck Dark Blue T-Shirt,₹191,Billion
132,Printed Men Hooded Neck Black T-Shirt,₹249,Eyebogler
133,Men Regular Fit Solid Mandarin Collar Casual Shirt,₹249,GESPO
134,Textured Men Polo Neck Green T-Shirt,₹624,Allen Solly
135,Men Slim Fit Military Camouflage Spread Collar Casual S...,₹453,METRONAUT
136,Solid Men Henley Neck Black T-Shirt,₹193,BLIVE
137,Printed Men Round Neck Black T-Shirt,₹299,METRONAUT
138,Printed Men Round Neck Black T-Shirt,₹215,eg
139,Men Regular Fit Solid Casual Shirt,₹465,Roadster
140,Printed Men Round Neck Blue T-Shirt,₹232,M7 By Metronaut
141,Solid Men Round Neck Black T-Shirt,₹201,Mokito
142,"Solid Men Mandarin Collar Green, White T-Shirt",₹249,Eyebogler
143,Men Regular Fit Solid Spread Collar Casual Shirt,₹569,METRONAUT
144,Men Slim Fit Solid Slim Collar Casual Shirt,₹450,Dennis Lingo
145,Men Slim Fit Striped Casual Shirt,₹300,ASIAN & FITCH
146,Solid Men Round Neck Dark Blue T-Shirt,₹299,ADRENEX
147,Men Slim Fit Checkered Casual Shirt,₹313,METRONAUT
148,Printed Men Hooded Neck Black T-Shirt,₹299,Eyebogler
149,"Printed Men Polo Neck Red, Black T-Shirt",₹289,TRIPR
150,"Solid Men Mandarin Collar Dark Green, Black T-Shirt",₹269,TRIPR
151,Men Slim Fit Solid Casual Shirt,"₹1,159",Louis Philippe Jeans
152,Men Slim Fit Solid Slim Collar Casual Shirt,₹249,PROTOCOL
153,Solid Men Round Neck Blue T-Shirt,₹229,METRONAUT
154,"Printed Men Round Neck White, Red T-Shirt",₹219,FastColors
155,Men Slim Fit Solid Casual Shirt,"₹1,159",Louis Philippe Jeans
156,Men Slim Fit Solid Spread Collar Casual Shirt,₹386,Jai Textiles
157,Men Regular Fit Solid Casual Shirt,₹249,GESPO
158,"Color Block Men Hooded Neck White, Blue T-Shirt",₹249,Try This
159,Solid Men Mandarin Collar Dark Blue T-Shirt,₹319,Urbano Fashion
160,Printed Men V Neck Dark Blue T-Shirt,₹232,METRONAUT
161,Color Block Men Round Neck Black T-Shirt,₹201,TRIPR
162,Solid Men Mandarin Collar Yellow T-Shirt,₹234,AUSK
163,Men Regular Fit Striped Spread Collar Casual Shirt,₹404,METRONAUT
164,Men Slim Fit Solid Spread Collar Casual Shirt,₹330,Tanip
165,"Solid, Color Block Men Round Neck White T-Shirt",₹179,FastColors
166,Men Slim Fit Color Block Spread Collar Casual Shirt,₹315,Try This
167,Color Block Men Round Neck Dark Blue T-Shirt,₹191,Billion
168,Men Regular Fit Printed Spread Collar Casual Shirt,₹700,Roadster
169,Striped Men Round Neck Yellow T-Shirt,₹262,Roden
170,Solid Men Henley Neck Maroon T-Shirt,₹201,BLIVE
171,Men Regular Fit Solid Casual Shirt,₹465,Roadster
172,"Color Block Men Round Neck Dark Green, Black T-Shirt",₹239,BLIVE
173,Color Block Men Round Neck Black T-Shirt,₹229,METRONAUT
174,"Color Block Men Round Neck Dark Green, White, Yellow T-...",₹192,TRIPR
175,Men Slim Fit Military Camouflage Spread Collar Casual S...,₹453,METRONAUT
176,Color Block Men Round Neck Maroon T-Shirt,₹215,FastColors
177,Men Slim Fit Striped Mandarin Collar Casual Shirt,₹380,FUBAR
178,Graphic Print Men Round Neck Dark Green T-Shirt,₹329,ADRENEX
179,Men Regular Fit Checkered Casual Shirt,₹313,METRONAUT
180,Men Regular Fit Solid Collarless Collar Casual Shirt,₹329,Qlonz store
181,Solid Men Polo Neck Maroon T-Shirt,₹249,Eyebogler
182,Men Regular Fit Checkered Spread Collar Casual Shirt,₹329,Tanip
183,Men Slim Fit Solid Casual Shirt,"₹1,159",Louis Philippe Jeans
184,"Solid Men Round Neck Black, Red, White T-Shirt",₹201,FastColors
185,Men Regular Fit Solid Mandarin Collar Casual Shirt,₹465,Roadster
186,Printed Men Round Neck Black T-Shirt,₹229,METRONAUT
187,Solid Men Mandarin Collar Dark Blue T-Shirt,₹319,Urbano Fashion
188,"Color Block Men Round Neck White, Black T-Shirt",₹234,AUSK
189,Men Slim Fit Solid Mandarin Collar Casual Shirt,₹386,U TURN
190,Color Block Men Round Neck Multicolor T-Shirt,₹324,HIGHLANDER
191,Color Block Men Polo Neck Multicolor T-Shirt,₹719,LEE
192,"Color Block Men Round Neck White, Yellow, Black T-Shirt",₹215,FastColors
193,"Color Block Men Round Neck White, Black, Yellow T-Shirt",₹249,MANIAC
194,Striped Men Round Neck Black T-Shirt,₹235,Try This
195,Men Regular Fit Solid Spread Collar Casual Shirt,₹569,METRONAUT
196,"Solid Men Round Neck Red, Dark Blue, Blue T-Shirt",₹349,FTX
197,Men Regular Fit Color Block Button Down Collar Casual S...,₹249,GESPO
198,"Printed Men Round Neck Grey, Black T-Shirt",₹281,Bell Paper
199,Men Slim Fit Solid Casual Shirt,"₹1,159",Louis Philippe Jeans
200,Printed Men Polo Neck White T-Shirt,₹549,REEBOK
201,"Solid Men Round Neck Grey, Blue T-Shirt",₹400,FastColors
202,Printed Men Hooded Neck Yellow T-Shirt,₹188,FastColors
203,Printed Men Round Neck Black T-Shirt,₹534,REEBOK
204,"Men Slim, Regular Fit Solid Curved Collar Casual Shirt",₹349,EVIQE
205,Solid Men Mandarin Collar Maroon T-Shirt,₹240,Reya
206,Printed Men Round Neck White T-Shirt,₹175,Smartees
207,Men Regular Fit Solid Casual Shirt,₹465,Roadster
208,Men Slim Fit Checkered Casual Shirt,₹357,ASIAN & FITCH
209,Men Regular Fit Striped Ribbed Collar Casual Shirt,₹299,icome
210,"Solid Men Round Neck Black, Grey T-Shirt",₹304,TQH
211,Men Regular Fit Checkered Casual Shirt,₹509,METRONAUT
212,Men Regular Fit Solid Button Down Collar Casual Shirt,₹449,DEELMO
213,Printed Men Hooded Neck Black T-Shirt,₹299,Eyebogler
214,"Color Block Men Round Neck Green, Black T-Shirt",₹239,Wrath
215,Men Slim Fit Military Camouflage Spread Collar Casual S...,₹453,METRONAUT
216,"Color Block Men Round Neck Dark Green, Black T-Shirt",₹239,BLIVE
217,Men Regular Fit Solid Mandarin Collar Casual Shirt,₹249,GESPO
218,"Striped Men Round Neck Dark Blue, Red T-Shirt",₹239,BLIVE
219,"Solid Men Round Neck Grey, Black T-Shirt",₹299,SCOTT INTERNATIONAL
220,Men Slim Fit Solid Spread Collar Casual Shirt,₹386,Jai Textiles
221,"Solid Men Round Neck Red, Yellow T-Shirt",₹450,London Hills
222,Men Regular Fit Solid Button Down Collar Formal Shirt,₹389,VeBNoR
223,Self Design Men Round Neck Black T-Shirt,₹747,REEBOK
224,"Striped Men Round Neck Orange, Black T-Shirt",₹187,BLIVE
225,"Striped Men Round Neck Dark Blue, White T-Shirt",₹193,BLIVE
226,"Striped Men Polo Neck Blue, Black, White T-Shirt",₹299,Eyebogler
227,Men Slim Fit Solid Casual Shirt,"₹1,159",Louis Philippe Jeans
228,"Color Block Men Hooded Neck Black, Red T-Shirt",₹181,HYDEY
229,Men Regular Fit Solid Button Down Collar Formal Shirt,₹349,VeBNoR
230,"Striped Men Round Neck Yellow, Black T-Shirt",₹209,Jump Cuts
231,Men Slim Fit Checkered Casual Shirt,₹313,METRONAUT
232,Printed Men V Neck Maroon T-Shirt,₹275,Try This
233,"Solid Men Round Neck Dark Blue, Red, Black T-Shirt",₹229,FastColors
234,Color Block Men Round Neck Grey T-Shirt,₹229,FastColors
235,Solid Men Mandarin Collar Dark Blue T-Shirt,₹319,Urbano Fashion
236,Men Slim Fit Checkered Slim Collar Casual Shirt,₹649,Dennis Lingo
237,"Printed Men Round Neck Dark Blue, Grey T-Shirt",₹159,Jump Cuts
238,Men Slim Fit Solid Casual Shirt,₹450,Dennis Lingo
239,Men Slim Fit Printed Casual Shirt,"₹1,214",Louis Philippe Sport
240,"Striped Men Round Neck Dark Blue, Red T-Shirt",₹239,BLIVE
241,Men Slim Fit Solid Spread Collar Casual Shirt,₹386,Jai Textiles
242,"Solid Men Round Neck Red, Yellow T-Shirt",₹450,London Hills
243,Printed Men Round Neck Black T-Shirt,₹534,REEBOK
244,"Solid Men Mandarin Collar Maroon, Black T-Shirt",₹264,TRIPR
245,Men Regular Fit Solid Button Down Collar Casual Shirt,₹389,VeBNoR
246,Men Regular Fit Solid Button Down Collar Formal Shirt,₹389,VeBNoR
247,Men Regular Fit Solid Casual Shirt,₹465,Roadster
248,Men Slim Fit Solid Casual Shirt,₹277,Try This
249,"Striped Men Round Neck Orange, Black T-Shirt",₹187,BLIVE
250,"Striped Men Round Neck Dark Blue, White T-Shirt",₹193,BLIVE
251,Men Regular Fit Checkered Casual Shirt,₹509,METRONAUT
252,"Striped Men Polo Neck Blue, Black, White T-Shirt",₹299,Eyebogler
253,"Color Block Men Hooded Neck Black, Red T-Shirt",₹181,HYDEY
254,Men Regular Fit Solid Button Down Collar Formal Shirt,₹349,VeBNoR
255,Men Slim Fit Military Camouflage Spread Collar Casual S...,₹453,METRONAUT
256,"Striped Men Round Neck Yellow, Black T-Shirt",₹209,Jump Cuts
257,Printed Men V Neck Maroon T-Shirt,₹275,Try This
258,"Solid Men Round Neck Dark Blue, Red, Black T-Shirt",₹229,FastColors
259,"Solid Men Round Neck Grey, Black T-Shirt",₹299,SCOTT INTERNATIONAL
260,Color Block Men Round Neck Grey T-Shirt,₹229,FastColors
261,Men Slim Fit Checkered Slim Collar Casual Shirt,₹649,Dennis Lingo
262,"Printed Men Round Neck Dark Blue, Grey T-Shirt",₹159,Jump Cuts
263,Self Design Men Round Neck Black T-Shirt,₹747,REEBOK
264,Men Slim Fit Solid Casual Shirt,₹450,Dennis Lingo
265,Solid Men Round Neck Black T-Shirt,₹449,FLYING MACHINE
266,Men Regular Fit Checkered Casual Shirt,₹357,ASIAN & FITCH
267,Solid Men Mandarin Collar Dark Blue T-Shirt,₹319,Urbano Fashion
268,Color Block Men Round Neck Grey T-Shirt,₹290,MANIAC
269,Printed Men Round Neck Reversible White T-Shirt,₹234,NB NICKY BOY
270,Color Block Men Round Neck Black T-Shirt,₹249,Smartees
271,Men Slim Fit Solid Casual Shirt,"₹1,159",Louis Philippe Jeans
272,Men Slim Fit Solid Mandarin Collar Casual Shirt,₹386,U TURN
273,Printed Men Round Neck Blue T-Shirt,₹229,FastColors
274,Solid Men Round Neck Maroon T-Shirt,₹400,FastColors
275,Men Slim Fit Checkered Casual Shirt,₹313,METRONAUT
276,Men Regular Fit Printed Button Down Collar Casual Shirt,₹254,Blue dove
277,Men Slim Fit Solid Casual Shirt,₹278,Try This
278,Men Slim Fit Solid Spread Collar Casual Shirt,₹450,Dennis Lingo
279,Men Slim Fit Printed Casual Shirt,"₹1,214",Louis Philippe Sport
280,"Striped Men Polo Neck Blue, Black, White T-Shirt",₹299,Eyebogler
281,Striped Men Polo Neck Blue T-Shirt,₹299,Eyebogler
282,Printed Men Round Neck Red T-Shirt,₹649,PUMA
283,Men Regular Fit Striped Spread Collar Casual Shirt,₹404,METRONAUT
284,"Solid Men Mandarin Collar Red, White T-Shirt",₹249,Eyebogler
285,Solid Men Polo Neck Green T-Shirt,₹399,3BROS
286,Color Block Men Hooded Neck Multicolor T-Shirt,₹249,Eyebogler
287,Men Regular Fit Checkered Casual Shirt,₹313,METRONAUT
288,Men Regular Fit Checkered Casual Shirt,₹339,METRONAUT
289,Men Slim Fit Solid Spread Collar Casual Shirt,₹450,Dennis Lingo
290,Men Regular Fit Printed Button Down Collar Casual Shirt,₹254,Blue dove
291,Color Block Men Round Neck Dark Blue T-Shirt,₹191,Billion
292,Abstract Men Hooded Neck Dark Blue T-Shirt,₹285,TRIPR
293,Solid Men Round Neck Black T-Shirt,₹245,GREY BOX
294,Printed Men Round Neck Dark Green T-Shirt,₹329,ADRENEX
295,Men Slim Fit Military Camouflage Spread Collar Casual S...,₹453,METRONAUT
296,"Striped Men Round Neck Dark Blue, White, Brown T-Shirt",₹419,Jump Cuts
297,Printed Men Round Neck Black T-Shirt,₹309,FastColors
298,Men Regular Fit Solid Mandarin Collar Casual Shirt,₹320,EVIQE
299,Men Regular Fit Solid Casual Shirt,₹465,Roadster
300,Striped Men V Neck Black T-Shirt,₹299,Eyebogler
301,"Color Block Men Round Neck White, Black, Pink T-Shirt",₹239,TRIPR
302,Graphic Print Men Round Neck Black T-Shirt,₹201,METRONAUT
303,Men Regular Fit Solid Spread Collar Casual Shirt,₹569,METRONAUT
304,Printed Men Round Neck Black T-Shirt,₹321,FLYING MACHINE
305,Self Design Men Round Neck Black T-Shirt,₹449,FLYING MACHINE
306,Solid Men V-neck Orange T-Shirt,₹168,FORCE NXT
307,Men Slim Fit Checkered Casual Shirt,₹313,METRONAUT
308,Men Regular Fit Solid Button Down Collar Casual Shirt,₹369,VeBNoR
309,Men Regular Fit Solid Spread Collar Casual Shirt,₹249,Voroxy
310,Graphic Print Men Round Neck Dark Blue T-Shirt,₹316,M7 By Metronaut
311,Men Slim Fit Solid Casual Shirt,"₹1,159",Louis Philippe Jeans
312,Men Regular Fit Checkered Casual Shirt,₹357,ASIAN & FITCH
313,Printed Men Round Neck Dark Blue T-Shirt,₹349,Roadster
314,Printed Men Hooded Neck Multicolor T-Shirt,₹249,TRIPR
315,Men Slim Fit Solid Casual Shirt,"₹1,159",Louis Philippe Jeans
316,Printed Men Round Neck Maroon T-Shirt,₹264,FastColors
317,Printed Men V Neck Maroon T-Shirt,₹279,METRONAUT
318,Typography Men Round Neck Brown T-Shirt,₹199,TRIPR
319,Men Slim Fit Solid Casual Shirt,"₹1,159",Louis Philippe Jeans
320,Solid Men Round Neck Black T-Shirt,₹349,THE DRY STATE
321,Men Slim Fit Solid Spread Collar Casual Shirt,₹422,HIGHLANDER
322,Men Slim Fit Solid Spread Collar Casual Shirt,₹295,X-MEN
323,Printed Men Polo Neck Grey T-Shirt,₹849,Classic Polo
324,Men Slim Fit Checkered Slim Collar Casual Shirt,₹649,Dennis Lingo
325,Men Slim Fit Striped Spread Collar Casual Shirt,₹386,Majestic Man
326,"Solid Men Round Neck Dark Blue, Black T-Shirt",₹309,TQH
327,Solid Men Round Neck Grey T-Shirt,₹199,JACK & JONES
328,Men Regular Fit Striped Ribbed Collar Casual Shirt,₹299,icome
329,"Solid Men Round Neck Brown, Black T-Shirt",₹249,FastColors
330,Men Slim Fit Solid Spread Collar Casual Shirt,₹425,Majestic Man
331,Solid Men Round Neck Multicolor T-Shirt,₹849,SCOTT INTERNATIONAL
332,"Color Block Men Round Neck Black, Red T-Shirt",₹259,BLIVE
333,Color Block Men Round Neck Grey T-Shirt,₹201,THE EG STORE
334,"Solid, Striped, Sports Men Round Neck Red, Green T-Shir...",₹450,London Hills
335,Men Regular Fit Solid Spread Collar Casual Shirt,₹449,FINIVO FASHION
336,Solid Men Polo Neck Dark Blue T-Shirt,₹624,Allen Solly
337,Solid Men Round Neck White T-Shirt,₹219,FastColors
338,Solid Men Round Neck Black T-Shirt,₹249,HRX by Hrithik Roshan
339,Men Slim Fit Striped Mandarin Collar Casual Shirt,₹699,PETER ENGLAND
340,Men Slim Fit Solid Spread Collar Casual Shirt,₹295,X-MEN
341,Solid Men V Neck Multicolor T-Shirt,₹147,TRIPR
342,Solid Men Round Neck Dark Blue T-Shirt,₹299,ADRENEX
343,Solid Men Polo Neck Pink T-Shirt,₹449,Spark The Melange Collection
344,Solid Men Polo Neck Black T-Shirt,₹624,Allen Solly
345,Men Regular Fit Solid Mandarin Collar Casual Shirt,₹329,Qlonz store
346,Solid Men Polo Neck Maroon T-Shirt,₹249,Eyebogler
347,Men Super Slim Fit Striped Spread Collar Casual Shirt,₹599,PETER ENGLAND
348,"Color Block Men Hooded Neck Black, White, Red T-Shirt",₹196,FastColors
349,Men Slim Fit Checkered Spread Collar Casual Shirt,₹295,BASE 41
350,Men Slim Fit Striped Spread Collar Casual Shirt,₹409,HIGHLANDER
351,Men Slim Fit Solid Spread Collar Casual Shirt,₹699,PETER ENGLAND
352,"Color Block Men Hooded Neck Black, White, Green T-Shirt",₹209,FastColors
353,Men Slim Fit Checkered Slim Collar Casual Shirt,₹649,Dennis Lingo
354,Men Regular Fit Solid Spread Collar Casual Shirt,₹249,Pepzo
355,Solid Men Polo Neck Grey T-Shirt,₹850,Classic Polo
356,Men Slim Fit Solid Spread Collar Casual Shirt,₹359,Jai Textiles
357,Men Slim Fit Striped Slim Collar Casual Shirt,₹649,Dennis Lingo
358,"Solid Men Mandarin Collar Maroon, Black T-Shirt",₹364,FastColors
359,Solid Men Round Neck Multicolor T-Shirt,"₹1,210",Classic Polo
360,Men Regular Fit Solid Spread Collar Casual Shirt,₹345,Kuki
361,Printed Men Hooded Neck Dark Blue T-Shirt,₹299,TRIPR
362,Printed Men Round Neck Black T-Shirt,₹249,METRONAUT
363,Men Regular Fit Solid Casual Shirt,₹465,Roadster
364,Solid Men Polo Neck Red T-Shirt,₹526,Allen Solly
365,Solid Men Hooded Neck Dark Green T-Shirt,₹246,TRIPR
366,Solid Men Polo Neck Pink T-Shirt,₹526,Allen Solly
367,Men Regular Fit Checkered Casual Shirt,₹509,METRONAUT
368,Men Slim Fit Color Block Formal Shirt,₹309,Try This
369,Solid Men Mandarin Collar Maroon T-Shirt,₹255,BLIVE
370,Men Slim Fit Checkered Spread Collar Casual Shirt,₹295,BASE 41
371,Men Slim Fit Military Camouflage Spread Collar Casual S...,₹453,METRONAUT
372,Solid Men Collared Neck Black T-Shirt,₹249,jorkk
373,Men Slim Fit Solid Casual Shirt,₹278,Try This
374,Solid Men Round Neck Black T-Shirt,₹229,FastColors
375,"Solid Men Round Neck Grey, Black T-Shirt",₹299,SCOTT INTERNATIONAL
376,Men Slim Fit Solid Slim Collar Casual Shirt,₹450,Dennis Lingo
377,Printed Men Round Neck White T-Shirt,₹937,NIKE
378,Printed Men V Neck Maroon T-Shirt,₹275,Try This
379,Printed Men Round Neck Black T-Shirt,₹649,LEE
380,Printed Men Round Neck Blue T-Shirt,₹389,JACK & JONES
381,Men Regular Fit Striped Spread Collar Casual Shirt,₹449,FINIVO FASHION
382,Color Block Men Round Neck White T-Shirt,₹295,Try This
383,Men Slim Fit Solid Casual Shirt,"₹1,159",Louis Philippe Jeans
384,Men Slim Fit Solid Casual Shirt,₹278,Try This
385,Printed Men Hooded Neck White T-Shirt,₹234,Rockhard
386,Men Regular Fit Solid Casual Shirt,₹474,METRONAUT
387,Men Slim Fit Checkered Casual Shirt,₹313,METRONAUT
388,Solid Men Mandarin Collar White T-Shirt,₹234,AUSK
389,Solid Men Round Neck Maroon T-Shirt,₹299,METRONAUT
390,Men Slim Fit Striped Casual Shirt,₹357,ASIAN & FITCH
391,Men Slim Fit Printed Casual Shirt,"₹1,214",Louis Philippe Sport
392,Men Slim Fit Checkered Cut Away Collar Casual Shirt,"₹1,149",LEE
393,Printed Men Polo Neck White T-Shirt,₹549,REEBOK
394,Graphic Print Men Round Neck Blue T-Shirt,₹329,ADRENEX
395,Solid Men Mandarin Collar Dark Blue T-Shirt,₹319,Urbano Fashion
396,Men Slim Fit Solid Mandarin Collar Casual Shirt,₹450,Dennis Lingo
397,Men Regular Fit Solid Spread Collar Casual Shirt,₹738,Roadster
398,"Color Block Men Round Neck Yellow, Black T-Shirt",₹234,AUSK
399,Men Slim Fit Printed Casual Shirt,₹509,METRONAUT
400,Printed Men Round Neck Maroon T-Shirt,₹229,jorkk
401,"Striped Men Round Neck Dark Blue, White, Brown T-Shirt",₹419,Jump Cuts
402,Color Block Men Round Neck Multicolor T-Shirt,₹324,HIGHLANDER
403,Printed Men Round Neck Black T-Shirt,₹534,REEBOK
404,Color Block Men Round Neck Black T-Shirt,₹235,Try This
405,Printed Men Round Neck Multicolor T-Shirt,₹259,METRONAUT
406,Men Regular Fit Printed Spread Collar Casual Shirt,₹424,HANUMNTRA
407,Men Regular Fit Solid Casual Shirt,₹465,Roadster
408,Solid Men Round Neck Blue T-Shirt,₹400,FastColors
409,Printed Men Round Neck Red T-Shirt,₹159,TRIPR
410,Printed Men Round Neck Dark Blue T-Shirt,₹329,ADRENEX
411,Men Regular Fit Checkered Casual Shirt,₹509,METRONAUT
412,Men Regular Fit Checkered Casual Shirt,₹339,METRONAUT
413,"Solid Men Round Neck Grey, Black T-Shirt",₹229,FastColors
414,Men Slim Fit Checkered Slim Collar Casual Shirt,₹322,COMBRAIDED
415,Men Slim Fit Military Camouflage Spread Collar Casual S...,₹453,METRONAUT
416,Men Slim Fit Striped Cut Away Collar Casual Shirt,₹509,HIGHLANDER
417,Solid Men Polo Neck Maroon T-Shirt,₹714,Allen Solly
418,Men Slim Fit Solid Spread Collar Casual Shirt,₹425,Majestic Man
419,"Solid Men Round Neck Grey, Black T-Shirt",₹299,SCOTT INTERNATIONAL
420,Men Super Slim Fit Solid Formal Shirt,₹609,Peter England University
421,Striped Men Polo Neck Light Blue T-Shirt,₹849,NAUTICA
422,Men Regular Fit Solid Spread Collar Casual Shirt,₹465,Roadster
423,Self Design Men Round Neck Black T-Shirt,₹747,REEBOK
424,Printed Men Hooded Neck White T-Shirt,₹234,Rockhard
425,Men Slim Fit Solid Formal Shirt,₹449,5TH ANFOLD
426,Solid Men Round Neck Black T-Shirt,₹229,FastColors
427,Solid Men Mandarin Collar Dark Blue T-Shirt,₹319,Urbano Fashion
428,Color Block Men Round Neck Black T-Shirt,₹283,MANIAC
429,Men Regular Fit Solid Button Down Collar Casual Shirt,₹369,VeBNoR
430,Men Regular Fit Solid Spread Collar Casual Shirt,₹422,Roadster
431,Men Slim Fit Solid Casual Shirt,"₹1,159",Louis Philippe Jeans
432,Men Slim Fit Checkered Spread Collar Casual Shirt,₹334,Tanip
433,Men Slim Fit Checkered Slim Collar Casual Shirt,₹329,COMBRAIDED
434,Striped Men Polo Neck Pink T-Shirt,₹399,3BROS
435,Men Slim Fit Checkered Casual Shirt,₹313,METRONAUT
436,Men Regular Fit Printed Spread Collar Casual Shirt,₹256,Jump Cuts
437,"Striped Men Hooded Neck Blue, Grey T-Shirt",₹159,HELMONT
438,Graphic Print Men Round Neck Blue T-Shirt,₹291,METRONAUT
439,"Solid Men Round Neck Black, Blue, Silver T-Shirt",₹349,FTX
440,Men Regular Fit Checkered Casual Shirt,₹404,METRONAUT
441,Printed Men Hooded Neck Green T-Shirt,₹159,MANIAC
442,Solid Men Polo Neck Maroon T-Shirt,₹399,3BROS
443,Printed Men Round Neck Black T-Shirt,₹534,REEBOK
444,Solid Men Polo Neck Blue T-Shirt,₹299,Eyebogler
445,Graphic Print Men Round Neck Red T-Shirt,₹190,TRIPR
446,"Solid Men Round Neck Dark Blue, Grey T-Shirt",₹303,TQH
447,Men Regular Fit Solid Casual Shirt,₹465,Roadster
448,Striped Men Polo Neck Green T-Shirt,₹549,PROVOGUE
449,Men Slim Fit Striped Casual Shirt,₹357,ASIAN & FITCH
450,"Color Block Men Round Neck Maroon, Beige T-Shirt",₹275,Try This
451,Men Regular Fit Checkered Casual Shirt,₹509,METRONAUT
452,Men Slim Fit Solid Spread Collar Casual Shirt,₹386,U TURN
453,Men Slim Fit Printed Button Down Collar Casual Shirt,₹329,iBrand
454,Ombre Men Polo Neck Blue T-Shirt,₹329,CAMPUS SUTRA
455,Men Slim Fit Military Camouflage Spread Collar Casual S...,₹453,METRONAUT
456,Solid Men Polo Neck Dark Blue T-Shirt,₹472,Blackberrys
457,Printed Men Round Neck Black T-Shirt,₹209,METRONAUT
458,"Color Block Men Round Neck Green, Maroon T-Shirt",₹424,Aelomart
459,"Solid Men Round Neck Grey, Black T-Shirt",₹299,SCOTT INTERNATIONAL
460,"Striped Men Round Neck Dark Blue, Yellow T-Shirt",₹159,Jump Cuts
461,Striped Men Polo Neck Multicolor T-Shirt,₹429,METRONAUT
462,Solid Men Round Neck Maroon T-Shirt,₹159,FastColors
463,Self Design Men Round Neck Black T-Shirt,₹747,REEBOK
464,"Printed Men Polo Neck Red, Black T-Shirt",₹289,TRIPR
465,Color Block Men Round Neck Black T-Shirt,₹201,FastColors
466,Solid Men Polo Neck Black T-Shirt,₹279,Eyebogler
467,Men Slim Fit Solid Casual Shirt,"₹1,159",Louis Philippe Jeans
468,Men Slim Fit Color Block Button Down Collar Casual Shir...,₹357,ASIAN & FITCH
469,"PerfectFit Solid Men V-Neck Black, Grey T-Shirt",₹201,Billion
470,Men Slim Fit Solid Mandarin Collar Casual Shirt,₹450,Dennis Lingo
471,Solid Men Mandarin Collar Dark Blue T-Shirt,₹319,Urbano Fashion
472,Striped Men Round Neck Grey T-Shirt,₹279,Roden
473,Graphic Print Men Round Neck Black T-Shirt,₹449,NAUTICA
474,Color Block Men Polo Neck Dark Blue T-Shirt,₹339,METRONAUT
475,Men Slim Fit Checkered Casual Shirt,₹313,METRONAUT
476,Color Block Men Henley Neck Multicolor T-Shirt,₹294,METRONAUT
477,Men Regular Fit Printed Casual Shirt,₹594,Roadster
478,Men Regular Fit Solid Mandarin Collar Casual Shirt,₹379,VeBNoR
479,Men Slim Fit Printed Casual Shirt,"₹1,214",Louis Philippe Sport
480,"Color Block Men Round Neck Red, Black T-Shirt",₹201,FastColors
481,Printed Men Hooded Neck White T-Shirt,₹159,MANIAC
482,Striped Men Henley Neck Blue T-Shirt,₹329,PROVOGUE
483,Printed Men Round Neck Black T-Shirt,₹534,REEBOK
484,Solid Men Round Neck Maroon T-Shirt,₹201,FastColors
485,Solid Men Round Neck Maroon T-Shirt,₹159,FastColors
486,Men Slim Fit Striped Spread Collar Casual Shirt,₹386,Majestic Man
487,Men Regular Fit Solid Casual Shirt,₹465,Roadster
488,"Printed Men Hooded Neck Red, Black T-Shirt",₹199,TRIPR
489,Printed Men Round Neck Dark Blue T-Shirt,₹349,Roadster
490,Men Slim Fit Solid Spread Collar Casual Shirt,₹450,Dennis Lingo
491,Men Regular Fit Checkered Casual Shirt,₹509,METRONAUT
492,Men Regular Fit Solid Mandarin Collar Casual Shirt,₹379,VeBNoR
493,"Solid Men Round Neck Blue, Black T-Shirt",₹400,FastColors
494,Men Regular Fit Solid Button Down Collar Formal Shirt,₹349,VeBNoR
495,Men Slim Fit Military Camouflage Spread Collar Casual S...,₹453,METRONAUT
496,Men Slim Fit Checkered Casual Shirt,₹579,PROVOGUE
497,Textured Men Polo Neck Green T-Shirt,₹624,Allen Solly
498,Men Slim Fit Solid Slim Collar Casual Shirt,₹249,PROTOCOL
499,"Solid Men Round Neck Grey, Black T-Shirt",₹299,SCOTT INTERNATIONAL
500,Solid Men Polo Neck Blue T-Shirt,₹444,Allen Solly
501,"Color Block Men Round Neck Black, Blue T-Shirt",₹229,METRONAUT
502,Printed Men Round Neck Pink T-Shirt,₹534,ADIDAS
503,Self Design Men Round Neck Black T-Shirt,₹747,REEBOK
504,Printed Men Hooded Neck Yellow T-Shirt,₹159,Jump Cuts
505,Men Slim Fit Printed Casual Shirt,₹425,Majestic Man
506,Men Slim Fit Solid Slim Collar Casual Shirt,₹449,5TH ANFOLD
507,Solid Men Mandarin Collar Dark Blue T-Shirt,₹319,Urbano Fashion
508,Color Block Men Round Neck Red T-Shirt,₹234,MANIAC
509,"Solid Men Round Neck Yellow, Blue T-Shirt",₹193,FastColors
510,Men Slim Fit Striped Spread Collar Casual Shirt,₹696,HERE&NOW
511,Men Slim Fit Solid Casual Shirt,"₹1,159",Louis Philippe Jeans
512,Men Slim Fit Checkered Casual Shirt,₹364,GLADIATOR PRODUCTS
513,Men Slim Fit Solid Mandarin Collar Casual Shirt,₹430,FUBAR
514,Men Slim Fit Checkered Casual Shirt,₹386,U TURN
515,"Solid Men Round Neck Black, Blue, Silver T-Shirt",₹349,FTX
516,Solid Men Polo Neck Black T-Shirt,₹329,Roadster
517,Striped Men Henley Neck Dark Green T-Shirt,₹349,METRONAUT
518,Solid Men Round Neck Black T-Shirt,₹159,UZee
519,Men Slim Fit Checkered Casual Shirt,₹313,METRONAUT
520,Solid Men Round Neck Multicolor T-Shirt,₹329,ADRENEX
521,"Printed Men Round Neck Green, Black T-Shirt",₹175,Jump Cuts
522,Men Regular Fit Solid Spread Collar Casual Shirt,₹449,FINIVO FASHION
523,Printed Men Round Neck Black T-Shirt,₹534,REEBOK
524,Printed Men Round Neck Multicolor T-Shirt,₹648,Bullmer
525,Men Slim Fit Solid Spread Collar Casual Shirt,₹409,Jai Textiles
526,Men Slim Fit Checkered Slim Collar Casual Shirt,₹649,Dennis Lingo
527,Men Regular Fit Solid Casual Shirt,₹465,Roadster
528,Color Block Men Round Neck Light Blue T-Shirt,₹159,VeBNoR
529,"Tie & Dye Men Round Neck White, Blue T-Shirt",₹327,MANIAC
530,Men Slim Fit Solid Mandarin Collar Casual Shirt,₹449,5TH ANFOLD
531,Men Regular Fit Checkered Casual Shirt,₹509,METRONAUT
532,Men Regular Fit Solid Spread Collar Casual Shirt,₹249,Voroxy
533,Solid Men Round Neck Multicolor T-Shirt,₹449,AWG
534,Men Slim Fit Checkered Slim Collar Casual Shirt,₹327,COMBRAIDED
535,Men Slim Fit Military Camouflage Spread Collar Casual S...,₹453,METRONAUT
536,Men Slim Fit Solid Slim Collar Casual Shirt,₹249,PROTOCOL
537,Graphic Print Men Round Neck Grey T-Shirt,₹449,NAUTICA
538,Solid Men Hooded Neck Dark Blue T-Shirt,₹226,Billion
539,"Solid Men Round Neck Grey, Black T-Shirt",₹299,SCOTT INTERNATIONAL
540,Printed Men Round Neck Green T-Shirt,₹136,FastColors
541,"Printed Men Polo Neck Dark Green, Black T-Shirt",₹299,TRIPR
542,Solid Men Polo Neck Green T-Shirt,₹399,3BROS
543,Self Design Men Round Neck Black T-Shirt,₹747,REEBOK
544,Striped Men Polo Neck Grey T-Shirt,₹299,Eyebogler
545,"Solid Men V Neck Grey, Maroon T-Shirt",₹341,Billion
546,Color Block Men Round Neck Multicolor T-Shirt,₹229,METRONAUT
547,Men Slim Fit Solid Casual Shirt,"₹1,159",Louis Philippe Jeans
548,Typography Men Round Neck Brown T-Shirt,₹199,TRIPR
549,Solid Men Scoop Neck Black T-Shirt,₹219,THE EG STORE
550,Printed Men Round Neck Black T-Shirt,₹549,PUMA
551,Solid Men Mandarin Collar Dark Blue T-Shirt,₹319,Urbano Fashion
552,Men Slim Fit Printed Casual Shirt,₹449,PeppyZone
553,Men Regular Fit Checkered Casual Shirt,₹728,Roadster
554,Striped Men Round Neck Maroon T-Shirt,₹159,UZee
555,Men Slim Fit Checkered Casual Shirt,₹313,METRONAUT
556,Solid Men Mandarin Collar Red T-Shirt,₹229,BLIVE
557,Striped Men Polo Neck Multicolor T-Shirt,₹499,Allen Solly
558,Men Slim Fit Self Design Casual Shirt,₹389,HIGHLANDER
559,Men Slim Fit Printed Casual Shirt,"₹1,214",Louis Philippe Sport
560,Solid Men Round Neck White T-Shirt,₹469,FILA
561,Striped Men Round Neck Dark Blue T-Shirt,₹209,VeBNoR
562,Solid Men Collared Neck Blue T-Shirt,₹249,jorkk
563,Printed Men Round Neck Black T-Shirt,₹534,REEBOK
564,Striped Men Polo Neck Dark Green T-Shirt,₹349,METRONAUT
565,Men Regular Fit Solid Spread Collar Casual Shirt,₹449,FINIVO FASHION
566,Striped Men Polo Neck Multicolor T-Shirt,₹449,Roadster
567,Men Regular Fit Solid Casual Shirt,₹465,Roadster
568,Men Regular Fit Checkered Casual Shirt,₹519,PROVOGUE
569,Men Slim Fit Solid Tie up Collar Casual Shirt,₹399,HIGHLANDER
570,Solid Men Round Neck White T-Shirt,₹229,HRX by Hrithik Roshan
571,Men Regular Fit Checkered Casual Shirt,₹509,METRONAUT
572,Printed Men Round Neck Pink T-Shirt,₹649,ADIDAS
573,Men Regular Fit Checkered Casual Shirt,₹509,PROVOGUE
574,Men Slim Fit Solid Spread Collar Casual Shirt,₹295,X-MEN
575,Men Slim Fit Military Camouflage Spread Collar Casual S...,₹453,METRONAUT
576,Solid Men Polo Neck Yellow T-Shirt,₹624,Allen Solly
577,Solid Men Round Neck Red T-Shirt,₹299,ADRENEX
578,Graphic Print Men V Neck Dark Green T-Shirt,₹264,METRONAUT
579,"Solid Men Round Neck Grey, Black T-Shirt",₹299,SCOTT INTERNATIONAL
580,Men Slim Fit Checkered Casual Shirt,₹249,KETCH
581,Printed Men Round Neck Black T-Shirt,₹229,METRONAUT
582,Men Slim Fit Checkered Spread Collar Casual Shirt,₹299,MooNVellY
583,Solid Men Mandarin Collar Dark Blue T-Shirt,₹319,Urbano Fashion
584,Printed Men Round Neck White T-Shirt,₹234,NB NICKY BOY
585,"Men Slim, Regular Fit Striped Spread Collar Casual Shir...",₹386,U TURN
586,Color Block Men Hooded Neck White T-Shirt,₹299,Eyebogler
587,Self Design Men Round Neck Black T-Shirt,₹747,REEBOK
588,Printed Men Round Neck Multicolor T-Shirt,₹399,Smartees
589,Men Slim Fit Solid Mandarin Collar Casual Shirt,₹360,FUBAR
590,Men Regular Fit Solid Spread Collar Casual Shirt,₹249,Voroxy
591,"Solid Men Round Neck Black, Blue, Silver T-Shirt",₹349,FTX
592,Solid Men Round Neck Dark Green T-Shirt,₹229,METRONAUT
593,"Printed Men Polo Neck White, Black T-Shirt",₹339,METRONAUT
594,Men Regular Fit Printed Casual Shirt,₹376,allan peter
595,Men Slim Fit Solid Casual Shirt,"₹1,159",Louis Philippe Jeans
596,Men Slim Fit Solid Mandarin Collar Casual Shirt,₹386,U TURN
597,Printed Men Round Neck Maroon T-Shirt,₹188,Jump Cuts
598,"Color Block Men Hooded Neck Yellow, White T-Shirt",₹172,HYDEY
599,Men Slim Fit Checkered Casual Shirt,₹313,METRONAUT
600,Printed Men Round Neck Blue T-Shirt,₹624,REEBOK
601,Men Regular Fit Checkered Spread Collar Casual Shirt,₹640,Roadster
602,Solid Men Round Neck Black T-Shirt,₹159,UZee
603,Men Regular Fit Solid Casual Shirt,₹465,Roadster
604,Solid Men V Neck Multicolor T-Shirt,₹147,TRIPR
605,"Striped Men Polo Neck Blue, Green T-Shirt",₹549,PROVOGUE
606,Color Block Men Round Neck Black T-Shirt,₹143,FARBOT
607,Men Regular Fit Checkered Casual Shirt,₹509,METRONAUT
608,Striped Men Polo Neck Multicolor T-Shirt,₹599,Allen Solly
609,Striped Men Polo Neck Dark Blue T-Shirt,₹449,METRONAUT
610,Men Slim Fit Solid Mandarin Collar Casual Shirt,₹430,FUBAR
611,Men Slim Fit Military Camouflage Spread Collar Casual S...,₹453,METRONAUT
612,Men Slim Fit Solid Slim Collar Casual Shirt,₹249,PROTOCOL
613,Printed Men Polo Neck Dark Blue T-Shirt,₹339,METRONAUT
614,Printed Men Round Neck Maroon T-Shirt,₹229,jorkk
615,"Solid Men Round Neck Grey, Black T-Shirt",₹299,SCOTT INTERNATIONAL
616,Men Regular Fit Checkered Casual Shirt,₹509,PROVOGUE
617,"Color Block Men Round Neck Black, White, Grey T-Shirt",₹234,AUSK
618,Color Block Men Polo Neck White T-Shirt,₹629,PUMA
619,Solid Men Mandarin Collar Dark Blue T-Shirt,₹319,Urbano Fashion
620,Printed Men Round Neck Dark Blue T-Shirt,₹299,METRONAUT
621,Men Slim Fit Printed Casual Shirt,₹449,PeppyZone
622,Solid Men Turtle Neck Black T-Shirt,₹234,Try This
623,Printed Men Round Neck Black T-Shirt,₹649,LEE
624,Men Slim Fit Solid Casual Shirt,₹400,Dennis Lingo
625,Graphic Print Men Round Neck Blue T-Shirt,₹291,METRONAUT
626,Men Super Slim Fit Self Design Cut Away Collar Casual S...,₹774,Allen Solly
627,"Solid Men Round Neck Black, Blue, Silver T-Shirt",₹349,FTX
628,"Printed Men Round Neck Maroon, Black T-Shirt",₹159,Jump Cuts
629,"Printed Men Round Neck White, Red T-Shirt",₹201,FastColors
630,Checkered Men Polo Neck Pink T-Shirt,₹299,Eyebogler
631,Men Slim Fit Solid Casual Shirt,"₹1,159",Louis Philippe Jeans
632,Men Slim Fit Printed Cut Away Collar Casual Shirt,₹509,HIGHLANDER
633,Printed Men Round Neck Multicolor T-Shirt,₹648,Bullmer
634,Printed Men Round Neck Black T-Shirt,₹136,FastColors
635,Men Slim Fit Checkered Casual Shirt,₹313,METRONAUT
636,Men Regular Fit Solid Casual Shirt,₹504,Roadster
637,Men Regular Fit Solid Button Down Collar Formal Shirt,₹349,VeBNoR
638,"Color Block Men Round Neck Maroon, Blue T-Shirt",₹201,FastColors
639,Men Slim Fit Printed Casual Shirt,"₹1,214",Louis Philippe Sport
640,"Color Block Men Round Neck Maroon, Blue T-Shirt",₹201,FastColors
641,Solid Men Round Neck Green T-Shirt,₹229,Roadster
642,"Color Block Men Hooded Neck Grey, Black T-Shirt",₹400,Black Collection
643,Printed Men Round Neck Black T-Shirt,₹534,REEBOK
644,Men Regular Fit Solid Club Collar Casual Shirt,₹349,DEELMO
645,Men Slim Fit Solid Mandarin Collar Casual Shirt,₹387,FUBAR
646,Printed Men Round Neck White T-Shirt,₹206,MANIAC
647,Men Regular Fit Solid Casual Shirt,₹749,BESPOQE
648,Printed Men Crew Neck Black T-Shirt,₹949,ADIDAS
649,Solid Men Polo Neck Green T-Shirt,"₹1,149",PUMA
650,Printed Men Round Neck Blue T-Shirt,₹599,JACK & JONES
651,Men Regular Fit Solid Casual Shirt,₹465,Roadster
652,Striped Men Polo Neck Black T-Shirt,₹299,Eyebogler
653,Men Regular Fit Striped Button Down Collar Casual Shirt,"₹1,259",U.S. POLO ASSN.
654,Men Regular Fit Printed Spread Collar Casual Shirt,₹348,Blezza
655,Men Regular Fit Checkered Casual Shirt,₹509,METRONAUT
656,Printed Men Hooded Neck Red T-Shirt,₹299,Eyebogler
657,Solid Men Round Neck Multicolor T-Shirt,₹426,Billion
658,Military Camouflage Men Polo Neck Green T-Shirt,₹349,METRONAUT
659,Men Slim Fit Military Camouflage Spread Collar Casual S...,₹453,METRONAUT
660,Printed Men Crew Neck Green T-Shirt,₹449,REEBOK
661,Men Slim Fit Checkered Slim Collar Casual Shirt,₹649,Dennis Lingo
662,Men Regular Fit Printed Spread Collar Casual Shirt,₹218,Jump Cuts
663,Solid Men Mandarin Collar Dark Blue T-Shirt,₹319,Urbano Fashion
664,Men Slim Fit Printed Casual Shirt,"₹1,449",PETER ENGLAND
665,Men Regular Fit Printed Spread Collar Casual Shirt,₹471,BOSQUE
666,Printed Men Round Neck Brown T-Shirt,₹649,LEVI'S
667,"Solid Men Round Neck Grey, Black T-Shirt",₹299,SCOTT INTERNATIONAL
668,Printed Men Round Neck White T-Shirt,₹949,NIKE
669,Printed Men Round Neck Multicolor T-Shirt,₹312,Jump Cuts
670,Men Regular Fit Self Design Spread Collar Casual Shirt,₹680,Mast & Harbour
671,"Solid Men Round Neck Black, Blue, Silver T-Shirt",₹349,FTX
672,Printed Men Round Neck Maroon T-Shirt,₹229,Roadster
673,Men Regular Fit Checkered Casual Shirt,₹649,PROVOGUE
674,Men Regular Fit Checkered Casual Shirt,₹404,METRONAUT
675,Self Design Men Round Neck Black T-Shirt,₹747,REEBOK
676,"Solid Men Hooded Neck Dark Blue, Grey T-Shirt",₹333,TQH
677,"Striped Men Round Neck Yellow, Black, White T-Shirt",₹234,GESPO
678,Striped Men Round Neck Red T-Shirt,₹243,Try This
679,Men Slim Fit Solid Casual Shirt,"₹1,159",Louis Philippe Jeans
680,"Solid Men Round Neck Blue, White, Yellow T-Shirt",₹219,FastColors
681,Color Block Men Polo Neck Dark Green T-Shirt,₹339,METRONAUT
682,"Solid Men Round Neck White, Black T-Shirt",₹270,GLITO
683,Printed Men Round Neck Black T-Shirt,₹534,REEBOK
684,Solid Men Polo Neck Grey T-Shirt,₹749,PUMA
685,"Color Block Men Round Neck Blue, Red, White T-Shirt",₹187,GESPO
686,Men Regular Fit Striped Mandarin Collar Casual Shirt,₹283,Gritstones
687,Men Regular Fit Solid Casual Shirt,₹465,Roadster
688,Men Slim Fit Solid Slim Collar Casual Shirt,₹450,Dennis Lingo
689,"Solid Men Round Neck White, Black T-Shirt",₹399,Billion
690,Printed Men Polo Neck Black T-Shirt,₹219,FastColors
691,Men Regular Fit Checkered Casual Shirt,₹509,METRONAUT
692,"Color Block Men Hooded Neck Black, Red T-Shirt",₹309,FastColors
693,"Color Block Men Round Neck Blue, Maroon T-Shirt",₹159,FastColors
694,"Solid Men Round Neck White, Blue T-Shirt",₹229,FastColors
695,Men Slim Fit Military Camouflage Spread Collar Casual S...,₹453,METRONAUT
696,"Solid Men Round Neck Black, Yellow T-Shirt",₹400,FastColors
697,Men Slim Fit Checkered Spread Collar Casual Shirt,₹339,BASE 41
698,"Solid Men Round Neck Maroon, Black, Grey T-Shirt",₹249,FastColors
699,"Solid Men Round Neck Grey, Black T-Shirt",₹299,SCOTT INTERNATIONAL
700,"Solid Men Round Neck White, Blue T-Shirt",₹229,FastColors
701,Printed Men Polo Neck Dark Green T-Shirt,₹339,METRONAUT
702,Men Regular Fit Checkered Casual Shirt,₹644,Roadster
703,Self Design Men Round Neck Black T-Shirt,₹747,REEBOK
704,Men Slim Fit Printed Button Down Collar Casual Shirt,₹429,HIGHLANDER
705,Solid Men Mandarin Collar Dark Blue T-Shirt,₹319,Urbano Fashion
706,Striped Men Polo Neck Black T-Shirt,₹849,ADIDAS
707,Solid Men Mandarin Collar Dark Blue T-Shirt,₹319,Urbano Fashion
708,Printed Men Round Neck Dark Blue T-Shirt,₹349,ADRENEX
709,Solid Men Polo Neck Dark Blue T-Shirt,₹349,Roadster
710,Printed Men Polo Neck Black T-Shirt,₹249,FastColors
711,Men Slim Fit Solid Casual Shirt,"₹1,159",Louis Philippe Jeans
712,Solid Men Polo Neck Grey T-Shirt,₹450,Dennis Lingo
713,Men Regular Fit Solid Casual Shirt,₹474,METRONAUT
714,Solid Men Round Neck Black T-Shirt,₹449,REEBOK
715,"Solid Men Round Neck Black, Blue, Silver T-Shirt",₹349,FTX
716,Men Regular Fit Checkered Ribbed Collar Casual Shirt,₹329,indicare
717,Printed Men Henley Neck Black T-Shirt,₹449,HRX by Hrithik Roshan
718,Solid Men Round Neck Blue T-Shirt,₹229,METRONAUT
719,Men Slim Fit Checkered Casual Shirt,₹313,METRONAUT
720,"Printed Men Round Neck Green, Black T-Shirt",₹175,Jump Cuts
721,Men Slim Fit Solid Mandarin Collar Casual Shirt,₹389,FUBAR
722,"Solid Men Round Neck Blue, White, Yellow T-Shirt",₹219,FastColors
723,Men Regular Fit Checkered Casual Shirt,₹509,METRONAUT
724,Solid Men Polo Neck Red T-Shirt,₹549,PARK AVENUE
725,Solid Men Round Neck Orange T-Shirt,₹349,HRX by Hrithik Roshan
726,Color Block Men Round Neck Green T-Shirt,₹274,Wrath
727,Men Regular Fit Solid Casual Shirt,₹749,BESPOQE
728,Color Block Men Polo Neck Green T-Shirt,₹774,Allen Solly
729,Striped Men Polo Neck Pink T-Shirt,₹399,3BROS
730,Striped Men Round Neck Black T-Shirt,₹339,PROVOGUE
731,Men Regular Fit Solid Casual Shirt,₹465,Roadster
732,Men Slim Fit Checkered Casual Shirt,₹249,KETCH
733,Color Block Men Polo Neck Multicolor T-Shirt,₹599,Allen Solly
734,Printed Men Polo Neck Dark Green T-Shirt,₹774,Allen Solly
735,Men Slim Fit Military Camouflage Spread Collar Casual S...,₹453,METRONAUT
736,Printed Men Round Neck Grey T-Shirt,₹469,JACK & JONES
737,Men Slim Fit Solid Slim Collar Casual Shirt,₹249,PROTOCOL
738,"Solid Men Round Neck Grey, Black T-Shirt",₹186,BLIVE
739,Solid Men Mandarin Collar Dark Blue T-Shirt,₹319,Urbano Fashion
740,Men Regular Fit Striped Mandarin Collar Casual Shirt,₹283,Gritstones
741,Men Slim Fit Solid Casual Shirt,₹449,HIGHLANDER
742,Printed Men Round Neck Blue T-Shirt,₹294,METRONAUT
743,"Solid Men Round Neck Grey, Black T-Shirt",₹299,SCOTT INTERNATIONAL
744,Men Slim Fit Solid Slim Collar Casual Shirt,₹450,Dennis Lingo
745,Striped Men Polo Neck Maroon T-Shirt,₹749,Wrangler
746,Color Block Men Polo Neck Multicolor T-Shirt,₹499,Allen Solly
747,"Solid Men Round Neck Black, Blue, Silver T-Shirt",₹349,FTX
748,"Printed Men Round Neck White, Orange T-Shirt",₹282,MANIAC
749,Self Design Men Round or Crew Reversible Pink T-Shirt,₹197,FORCE NXT
750,"Color Block Men Round Neck Green, Maroon T-Shirt",₹424,Aelomart
751,Printed Men Round Neck Black T-Shirt,₹649,LEE
752,Men Regular Fit Solid Button Down Collar Casual Shirt,₹310,Gritstones
753,Solid Men Round Neck Grey T-Shirt,₹349,HRX by Hrithik Roshan
754,Color Block Men Polo Neck Maroon T-Shirt,₹774,Allen Solly
755,Men Slim Fit Solid Casual Shirt,"₹1,159",Louis Philippe Jeans
756,Graphic Print Men Round Neck Dark Blue T-Shirt,₹201,METRONAUT
757,"Printed Men Round Neck Green, White T-Shirt",₹199,Eyebogler
758,Printed Men Round Neck Black T-Shirt,₹232,PROVOGUE
759,Men Slim Fit Checkered Casual Shirt,₹313,METRONAUT
760,Printed Men Round Neck Red T-Shirt,₹199,JUGULAR
761,Men Regular Fit Checkered Casual Shirt,₹425,METRONAUT
762,Men Slim Fit Striped Slim Collar Casual Shirt,₹649,Dennis Lingo
763,Printed Men Round Neck Black T-Shirt,₹534,REEBOK
764,Men Slim Fit Checkered Casual Shirt,₹714,Van Heusen Academy
765,Men Regular Fit Solid Spread Collar Casual Shirt,₹449,FINIVO FASHION
766,Men Regular Fit Solid Mandarin Collar Casual Shirt,₹379,VeBNoR
767,Men Regular Fit Solid Casual Shirt,₹465,Roadster
768,Solid Men Polo Neck Green T-Shirt,₹999,NIKE
769,Men Slim Fit Self Design Spread Collar Casual Shirt,₹999,Allen Solly
770,Men Regular Fit Solid Casual Shirt,₹749,BESPOQE
771,Men Regular Fit Checkered Casual Shirt,₹509,METRONAUT
772,Men Slim Fit Solid Mandarin Collar Casual Shirt,₹377,U TURN
773,Men Regular Fit Checkered Spread Collar Casual Shirt,₹700,Roadster
774,"Solid Men V Neck Grey, Maroon T-Shirt",₹341,Billion
775,Men Slim Fit Military Camouflage Spread Collar Casual S...,₹453,METRONAUT
776,Men Slim Fit Solid Slim Collar Casual Shirt,₹450,Dennis Lingo
777,Printed Men Round Neck White T-Shirt,₹201,METRONAUT
778,Color Block Men V Neck Multicolor T-Shirt,₹409,TRIPR
779,"Solid Men Round Neck Grey, Black T-Shirt",₹299,SCOTT INTERNATIONAL
780,Printed Men Polo Neck Maroon T-Shirt,₹339,METRONAUT
781,Solid Men V-neck White T-Shirt,₹168,FORCE NXT
782,Men Slim Fit Printed Casual Shirt,₹609,FLYING MACHINE
783,Self Design Men Round Neck Black T-Shirt,₹747,REEBOK
784,Striped Men Polo Neck White T-Shirt,₹849,ADIDAS
785,Printed Men Round Neck Grey T-Shirt,₹234,NB NICKY BOY
786,Men Super Slim Fit Solid Casual Shirt,₹599,PETER ENGLAND
787,Solid Men Mandarin Collar Dark Blue T-Shirt,₹319,Urbano Fashion
788,Men Regular Fit Self Design Spread Collar Casual Shirt,₹611,BOSQUE
789,"Solid Men Round Neck Dark Blue, Black, Grey T-Shirt",₹229,FastColors
790,Printed Men Polo Neck Black T-Shirt,₹339,METRONAUT
791,Men Slim Fit Solid Casual Shirt,"₹1,159",Louis Philippe Jeans
792,Printed Men Round Neck Black T-Shirt,₹249,METRONAUT
793,Men Slim Fit Striped Cut Away Collar Casual Shirt,₹292,ASIAN & FITCH
794,Striped Men Polo Neck Blue T-Shirt,₹299,Eyebogler
795,"Solid Men Round Neck Black, Blue, Silver T-Shirt",₹349,FTX
796,Striped Men Polo Neck Multicolor T-Shirt,₹629,U.S. POLO ASSN.
797,Men Slim Fit Checkered Casual Shirt,₹949,PETER ENGLAND
798,Self Design Men Round or Crew Grey T-Shirt,₹279,HRX by Hrithik Roshan
799,Men Slim Fit Checkered Casual Shirt,₹313,METRONAUT
800,Men Regular Fit Solid Casual Shirt,₹249,GESPO
801,Men Slim Fit Striped Spread Collar Casual Shirt,₹386,Majestic Man
802,Printed Men Round Neck Yellow T-Shirt,₹234,NB NICKY BOY
803,Men Regular Fit Checkered Casual Shirt,₹509,METRONAUT
804,Men Slim Fit Solid Slim Collar Casual Shirt,₹450,Dennis Lingo
805,"Printed Men Round Neck Blue, White T-Shirt",₹291,METRONAUT
806,Men Slim Fit Solid Cut Away Collar Casual Shirt,₹789,Allen Solly
807,Men Slim Fit Military Camouflage Spread Collar Casual S...,₹453,METRONAUT
808,Printed Men Round Neck Dark Green T-Shirt,₹232,METRONAUT
809,Men Regular Fit Solid Button Down Collar Casual Shirt,₹281,Gritstones
810,Printed Men Round Neck Black T-Shirt,₹827,NIKE
811,Solid Men Mandarin Collar Dark Blue T-Shirt,₹319,Urbano Fashion
812,Printed Men Polo Neck Dark Blue T-Shirt,₹949,NAUTICA
813,Men Slim Fit Solid Cut Away Collar Casual Shirt,₹909,Allen Solly
814,Printed Men Round Neck Blue T-Shirt,₹389,JACK & JONES
815,Men Regular Fit Solid Casual Shirt,₹465,Roadster
816,Men Slim Fit Solid Slim Collar Casual Shirt,₹449,5TH ANFOLD
817,Men Slim Fit Self Design Cut Away Collar Casual Shirt,₹859,Allen Solly
818,Men Regular Fit Solid Casual Shirt,₹749,BESPOQE
819,"Solid Men Round Neck Grey, Black T-Shirt",₹299,SCOTT INTERNATIONAL
820,Solid Men V Neck Multicolor T-Shirt,₹341,Billion
821,Color Block Men Hooded Neck White T-Shirt,₹196,HYDEY
822,Abstract Men Hooded Neck Yellow T-Shirt,₹249,TRIPR
823,"Solid Men Round Neck Black, Blue, Silver T-Shirt",₹349,FTX
824,Solid Men Hooded Neck Yellow T-Shirt,₹249,Eyebogler
825,Men Slim Fit Solid Mandarin Collar Casual Shirt,₹356,U TURN
826,Printed Men Round Neck Red T-Shirt,₹269,Roadster
827,Printed Men Round Neck Black T-Shirt,₹649,LEE
828,Printed Men Round Neck Black T-Shirt,₹499,Allen Solly
829,Men Slim Fit Self Design Casual Shirt,"₹1,115",LEE
830,Color Block Men V Neck Multicolor T-Shirt,₹299,METRONAUT
831,Men Slim Fit Checkered Casual Shirt,₹313,METRONAUT
832,Printed Men Polo Neck Dark Blue T-Shirt,₹339,METRONAUT
833,Solid Men Round Neck Multicolor T-Shirt,₹329,ADRENEX
834,Printed Men Round Neck Black T-Shirt,₹183,HERE&NOW
835,Men Slim Fit Solid Casual Shirt,"₹1,159",Louis Philippe Jeans
836,Men Slim Fit Printed Spread Collar Casual Shirt,"₹1,101",LEVI'S
837,"Solid Men V Neck Blue, Grey T-Shirt",₹175,TRIPR
838,Graphic Print Men Round Neck Blue T-Shirt,₹201,METRONAUT
839,Men Slim Fit Printed Casual Shirt,"₹1,214",Louis Philippe Sport
840,Color Block Men Round Neck Multicolor T-Shirt,₹229,METRONAUT
841,Printed Men Round Neck Black T-Shirt,₹249,METRONAUT
842,Striped Men Hooded Neck Maroon T-Shirt,₹249,Try This
843,Printed Men Round Neck Black T-Shirt,₹534,REEBOK
844,Men Regular Fit Printed Casual Shirt,₹509,METRONAUT
845,Graphic Print Men Polo Neck Black T-Shirt,"₹1,149",PUMA
846,Printed Men Polo Neck Red T-Shirt,₹219,TRIPR
847,Men Regular Fit Solid Casual Shirt,₹465,Roadster
848,Graphic Print Men Round Neck Dark Blue T-Shirt,₹316,M7 By Metronaut
849,"Typography Men Hooded Neck White, Black T-Shirt",₹299,Eyebogler
850,Graphic Print Men Round Neck Black T-Shirt,₹309,M7 By Metronaut
851,Men Regular Fit Checkered Casual Shirt,₹509,METRONAUT
852,Striped Men Polo Neck Red T-Shirt,₹629,U.S. POLO ASSN.
853,Solid Men Round Neck Multicolor T-Shirt,₹349,Billion
854,Men Slim Fit Printed Casual Shirt,₹557,HIGHLANDER
855,Men Slim Fit Military Camouflage Spread Collar Casual S...,₹453,METRONAUT
856,Men Regular Fit Checkered Spread Collar Casual Shirt,₹339,BASE 41
857,"Color Block Men Round Neck Dark Blue, White T-Shirt",₹243,BLIVE
858,Men Slim Fit Printed Formal Shirt,₹449,5TH ANFOLD
859,"Solid Men Round Neck Grey, Black T-Shirt",₹299,SCOTT INTERNATIONAL
860,"Printed Men Round Neck Green, White T-Shirt",₹199,Eyebogler
861,Graphic Print Men Round Neck Red T-Shirt,₹266,COBIO MAN
862,Graphic Print Men Round Neck Grey T-Shirt,₹229,METRONAUT
863,Self Design Men Round Neck Black T-Shirt,₹747,REEBOK
864,"Printed Men Round Neck White, Red T-Shirt",₹201,FastColors
865,Men Regular Fit Solid Mandarin Collar Casual Shirt,₹349,VeBNoR
866,Men Slim Fit Striped Spread Collar Casual Shirt,₹409,U TURN
867,Solid Men Mandarin Collar Dark Blue T-Shirt,₹319,Urbano Fashion
868,Men Slim Fit Solid Spread Collar Casual Shirt,₹386,U TURN
869,Printed Men Round Neck Black T-Shirt,₹827,NIKE
870,Striped Men Round Neck Dark Blue T-Shirt,₹549,DUCATI
871,"Solid Men Round Neck Black, Blue, Silver T-Shirt",₹349,FTX
872,Men Regular Fit Printed Casual Shirt,₹199,GUOYU
873,Military Camouflage Men Round Neck White T-Shirt,₹264,METRONAUT
874,Printed Men Round Neck Black T-Shirt,₹249,MANIAC
875,Men Slim Fit Solid Casual Shirt,"₹1,159",Louis Philippe Jeans
876,Men Slim Fit Solid Slim Collar Casual Shirt,₹699,Dennis Lingo
877,Typography Men Round or Crew Black T-Shirt,₹299,Roadster
878,Men Regular Fit Solid Spread Collar Casual Shirt,₹425,ZOMBOM
879,Men Slim Fit Checkered Casual Shirt,₹313,METRONAUT
880,Self Design Men Round or Crew Black T-Shirt,₹159,VIMAL JONNEY
881,Printed Men Polo Neck Dark Blue T-Shirt,₹339,METRONAUT
882,Color Block Men Round Neck Red T-Shirt,₹231,THE EG STORE
883,Printed Men Round Neck Black T-Shirt,₹534,REEBOK
884,Color Block Men Round Neck Black T-Shirt,₹143,FARBOT
885,Striped Men Round Neck Maroon T-Shirt,₹282,Reya
886,Men Regular Fit Checkered Casual Shirt,₹833,Roadster
887,Men Regular Fit Solid Casual Shirt,₹749,BESPOQE
888,Color Block Men Polo Neck Blue T-Shirt,₹629,U.S. POLO ASSN.
889,Men Regular Fit Solid Spread Collar Casual Shirt,₹249,Voroxy
890,Printed Men Round Neck Multicolor T-Shirt,₹264,METRONAUT
891,Men Regular Fit Solid Casual Shirt,₹465,Roadster
892,Printed Men Round Neck Black T-Shirt,₹779,PUMA
893,"Solid Men Round Neck Red, Blue, Yellow T-Shirt",₹445,FastColors
894,Graphic Print Men Round Neck White T-Shirt,₹549,LEVI'S
895,Men Regular Fit Checkered Casual Shirt,₹509,METRONAUT
896,Men Regular Fit Checkered Casual Shirt,₹509,PROVOGUE
897,Printed Men Round Neck White T-Shirt,₹549,U.S. POLO ASSN.
898,Men Slim Fit Striped Casual Shirt,₹509,HIGHLANDER
899,Men Slim Fit Military Camouflage Spread Collar Casual S...,₹453,METRONAUT
900,Printed Men Hooded Neck Dark Blue T-Shirt,₹352,London Hills
901,Men Slim Fit Printed Spread Collar Casual Shirt,₹409,HIGHLANDER
902,"Color Block Men Hooded Neck White, Dark Blue T-Shirt",₹400,Black Collection
903,Solid Men Mandarin Collar Dark Blue T-Shirt,₹319,Urbano Fashion
904,Men Slim Fit Checkered Casual Shirt,"₹1,109",FLYING MACHINE
905,"Printed Men Round Neck Yellow, Black T-Shirt",₹264,FastColors
906,Solid Men Polo Neck Green T-Shirt,₹449,SCOTT INTERNATIONAL
907,"Solid Men Round Neck Grey, Black T-Shirt",₹299,SCOTT INTERNATIONAL
908,Graphic Print Men Round Neck Blue T-Shirt,₹316,M7 By Metronaut
909,Men Regular Fit Checkered Casual Shirt,₹509,METRONAUT
910,Printed Men Round Neck Black T-Shirt,₹136,FastColors
911,Self Design Men Round Neck Black T-Shirt,₹747,REEBOK
912,Men Slim Fit Printed Spread Collar Casual Shirt,₹357,ASIAN & FITCH
913,Solid Men Round Neck Light Green T-Shirt,₹299,ADRENEX
914,Solid Men Round Neck Dark Blue T-Shirt,₹349,HRX by Hrithik Roshan
915,"Solid Men Round Neck Black, Blue, Silver T-Shirt",₹349,FTX
916,Men Slim Fit Solid Spread Collar Casual Shirt,₹399,HIGHLANDER
917,Graphic Print Men Hooded Neck Blue T-Shirt,₹349,METRONAUT
918,Printed Men Round Neck White T-Shirt,₹249,Try This
919,Men Slim Fit Solid Casual Shirt,"₹1,159",Louis Philippe Jeans
920,Men Regular Fit Solid Mandarin Collar Casual Shirt,₹349,VeBNoR
921,"Solid Men Mandarin Collar Blue, Maroon, Black T-Shirt",₹642,FastColors
922,Printed Men Round Neck White T-Shirt,₹329,HRX by Hrithik Roshan
923,Men Regular Fit Solid Casual Shirt,₹465,Roadster
924,Self Design Men Polo Neck Red T-Shirt,₹649,DUCATI
925,Striped Men Round Neck Green T-Shirt,₹284,Roden
926,Striped Men Round Neck Blue T-Shirt,₹249,METRONAUT
927,Men Regular Fit Checkered Casual Shirt,₹509,METRONAUT
928,Printed Men Round Neck Black T-Shirt,₹232,METRONAUT
929,Printed Men Round Neck Black T-Shirt,₹229,METRONAUT
930,Graphic Print Men Round Neck Blue T-Shirt,₹256,M7 By Metronaut
931,Men Slim Fit Military Camouflage Spread Collar Casual S...,₹453,METRONAUT
932,Men Slim Fit Checkered Spread Collar Casual Shirt,₹939,KILLER
933,Striped Men Polo Neck Blue T-Shirt,₹749,FLYING MACHINE
934,Men Regular Fit Checkered Casual Shirt,₹609,PROVOGUE
935,"Solid Men Round Neck Grey, Black T-Shirt",₹299,SCOTT INTERNATIONAL
936,Men Regular Fit Checkered Casual Shirt,₹313,METRONAUT
937,Color Block Men Polo Neck Maroon T-Shirt,₹349,ADRENEX
938,Men Regular Fit Checkered Casual Shirt,₹339,METRONAUT
939,Solid Men Mandarin Collar Dark Blue T-Shirt,₹319,Urbano Fashion
940,Embossed Men Round Neck Green T-Shirt,"₹1,909",TOMMY HILFIGER
941,"Printed Men Hooded Neck Black, Grey T-Shirt",₹218,TRIPR
942,Solid Men Round Neck Black T-Shirt,₹449,REEBOK
943,Printed Men Round Neck Black T-Shirt,₹649,LEE
944,Printed Men Round Neck Black T-Shirt,₹804,NIKE
945,Graphic Print Men V Neck Blue T-Shirt,₹219,METRONAUT
946,Solid Men Round Neck Grey T-Shirt,₹219,FastColors
947,"Solid Men Round Neck Black, Blue, Silver T-Shirt",₹349,FTX
948,"Solid Men Round Neck Maroon, Black, Grey T-Shirt",₹249,FastColors
949,Printed Men Round Neck Green T-Shirt,₹664,LEVI'S
950,Men Slim Fit Checkered Casual Shirt,₹249,FUBAR
951,Men Slim Fit Solid Casual Shirt,"₹1,159",Louis Philippe Jeans
952,Printed Men Round Neck Blue T-Shirt,₹599,JACK & JONES
953,Solid Men V-neck Green T-Shirt,₹168,FORCE NXT
954,Men Slim Fit Striped Cut Away Collar Casual Shirt,₹429,HIGHLANDER
955,Men Slim Fit Checkered Casual Shirt,₹313,METRONAUT
956,Men Regular Fit Solid Casual Shirt,₹740,Roadster
957,Men Slim Fit Printed Casual Shirt,₹397,METRONAUT
958,Men Slim Fit Printed Cut Away Collar Casual Shirt,₹429,HIGHLANDER
959,Men Slim Fit Printed Casual Shirt,"₹1,214",Louis Philippe Sport
960,Color Block Men Round Neck Multicolor T-Shirt,₹276,Billion
961,Solid Men Round Neck Purple T-Shirt,₹345,Alan Jones
962,"Color Block Men Round Neck Red, White T-Shirt",₹249,TRIPR
963,Men Regular Fit Solid Casual Shirt,₹465,Roadster
964,Solid Men Polo Neck Yellow T-Shirt,₹631,Allen Solly
965,Solid Men Polo Neck Black T-Shirt,₹624,Pepe Jeans
966,Printed Men Crew Neck Black T-Shirt,₹949,ADIDAS
967,Men Regular Fit Checkered Casual Shirt,₹509,METRONAUT
968,Men Slim Fit Striped Spread Collar Casual Shirt,₹409,U TURN
969,"Printed Men Round Neck White, Black T-Shirt",₹157,Jump Cuts
970,Men Regular Fit Solid Button Down Collar Formal Shirt,₹349,VeBNoR
971,Men Slim Fit Military Camouflage Spread Collar Casual S...,₹453,METRONAUT
972,Men Slim Fit Printed Cut Away Collar Casual Shirt,₹369,HIGHLANDER
973,Men Slim Fit Solid Casual Shirt,₹449,5TH ANFOLD
974,Striped Men Round Neck Yellow T-Shirt,₹219,Roden
975,Solid Men Mandarin Collar Dark Blue T-Shirt,₹319,Urbano Fashion
976,"Color Block Men Round Neck White, Pink, Black T-Shirt",₹264,MANIAC
977,Printed Men Round Neck Black T-Shirt,₹693,FLYING MACHINE
978,"Printed Men Hooded Neck Dark Blue, Maroon T-Shirt",₹272,TRIPR
979,"Solid Men Round Neck Grey, Black T-Shirt",₹299,SCOTT INTERNATIONAL
980,"Solid Men Round Neck Dark Blue, Black, Yellow T-Shirt",₹201,FastColors
981,"Printed Men Henley Neck White, Blue T-Shirt",₹294,METRONAUT
982,Printed Men Round Neck Blue T-Shirt,₹229,METRONAUT
983,"Solid Men Round Neck Black, Blue, Silver T-Shirt",₹349,FTX
984,Men Slim Fit Checkered Casual Shirt,₹349,BASE 41
985,Printed Men Round Neck Navy Blue T-Shirt,₹999,TOMMY HILFIGER
986,Men Slim Fit Checkered Spread Collar Casual Shirt,₹895,KILLER
987,Printed Men Round Neck Black T-Shirt,₹649,LEE
988,"Solid Men Round Neck Black, Dark Blue, Silver T-Shirt",₹349,FTX
989,Self Design Men Polo Neck Blue T-Shirt,₹469,FLYING MACHINE
990,Printed Men Round Neck Yellow T-Shirt,₹349,FLYING MACHINE
991,Men Slim Fit Solid Casual Shirt,"₹1,159",Louis Philippe Jeans
992,Graphic Print Men Round Neck Light Blue T-Shirt,₹299,ADRENEX
993,"Printed Men Hooded Neck Black, Yellow T-Shirt",₹159,MANIAC
994,Men Slim Fit Striped Cut Away Collar Casual Shirt,₹292,ASIAN & FITCH
995,Men Slim Fit Checkered Casual Shirt,₹313,METRONAUT
996,Color Block Men Polo Neck Multicolor T-Shirt,₹499,Allen Solly
997,Printed Men Hooded Neck Dark Green T-Shirt,₹281,TRIPR
998,Solid Men Round Neck Brown T-Shirt,₹219,FastColors
999,Men Slim Fit Printed Casual Shirt,"₹1,214",Louis Philippe Sport
